uid,datetime,latitude,longitude,altitude,vertical_velocity,ground_speed,satellites
4.49E+15,2021-06-23T14:23:34Z,45.69956667,-110.45525,1426.4,-0.19,0.936,10
4.49E+15,2021-06-23T14:24:05Z,45.69956667,-110.4552667,1424.5,0.21,0.288,10
4.49E+15,2021-06-23T14:24:11Z,45.69956667,-110.4552667,1423.4,-0.2,0.612,10
4.49E+15,2021-06-23T14:24:19Z,45.69956667,-110.4552833,1423.2,0.12,0.432,10
4.49E+15,2021-06-23T14:24:27Z,45.69955,-110.4552833,1423.2,0.03,0.468,10
4.49E+15,2021-06-23T14:24:37Z,45.69955,-110.4552833,1423.3,-0.13,0.396,10
4.49E+15,2021-06-23T14:24:45Z,45.69955,-110.4552667,1424.2,0.05,0.072,10
4.49E+15,2021-06-23T14:32:09Z,45.69955,-110.4552667,1429,-0.11,0.18,10
4.49E+15,2021-06-23T14:33:19Z,45.69966667,-110.4550333,1456.6,6.33,9.756,9
4.49E+15,2021-06-23T14:34:09Z,45.7003,-110.4530833,1766.6,6.19,4.968,10
4.49E+15,2021-06-23T14:34:31Z,45.70036667,-110.4524167,1904.1,6.78,12.492,10
4.49E+15,2021-06-23T14:34:47Z,45.7004,-110.4514333,1990.7,4.83,10.8,10
4.49E+15,2021-06-23T14:35:19Z,45.70075,-110.4503167,2191.2,5.36,5.292,10
4.49E+15,2021-06-23T14:35:26Z,45.70095,-110.4501667,2234.1,6.78,9.612,10
4.49E+15,2021-06-23T14:35:53Z,45.70193333,-110.44945,2399.4,6.42,26.532,10
4.49E+15,2021-06-23T14:36:01Z,45.70246667,-110.4489833,2444.3,5.94,22.932,10
4.49E+15,2021-06-23T14:36:11Z,45.70273333,-110.4484333,2491.3,6.3,21.708,10
4.49E+15,2021-06-23T14:36:32Z,45.7034,-110.4467167,2631.2,6.59,26.82,10
4.49E+15,2021-06-23T14:36:55Z,45.70363333,-110.4449333,2771.7,4.39,15.408,10
4.49E+15,2021-06-23T14:37:03Z,45.70381667,-110.44435,2814.5,7.03,22.248,10
4.49E+15,2021-06-23T14:37:12Z,45.7039,-110.4434333,2863.3,5.45,23.868,10
4.49E+15,2021-06-23T14:37:20Z,45.7041,-110.44275,2912.2,5.61,36.576,10
4.49E+15,2021-06-23T14:37:31Z,45.70428333,-110.4415833,2972.5,4.94,22.716,10
4.49E+15,2021-06-23T14:37:43Z,45.70455,-110.44015,3041.5,4.82,32.292,10
4.49E+15,2021-06-23T14:37:54Z,45.70495,-110.43875,3105.2,5.03,45.504,10
4.49E+15,2021-06-23T14:38:04Z,45.7053,-110.4372667,3169.3,6.36,48.708,11
4.49E+15,2021-06-23T14:38:13Z,45.70561667,-110.4358333,3224.7,6.7,51.192,11
4.49E+15,2021-06-23T14:38:25Z,45.70598333,-110.4339833,3309,7.48,40.608,12
4.49E+15,2021-06-23T14:38:33Z,45.70618333,-110.4328167,3359.8,4.66,37.584,12
4.49E+15,2021-06-23T14:38:42Z,45.70631667,-110.4315167,3420.2,8.01,35.028,12
4.49E+15,2021-06-23T14:38:50Z,45.70641667,-110.4304,3475.2,5.47,47.088,12
4.49E+15,2021-06-23T14:38:58Z,45.70663333,-110.4291833,3527.3,7.13,43.488,12
4.49E+15,2021-06-23T14:39:07Z,45.70703333,-110.4277167,3585.4,6.28,43.272,12
4.49E+15,2021-06-23T14:39:16Z,45.70746667,-110.42655,3641.9,5.5,35.28,12
4.49E+15,2021-06-23T14:39:25Z,45.70785,-110.4251167,3703.6,6.01,45.324,12
4.49E+15,2021-06-23T14:39:34Z,45.7083,-110.4238667,3758.2,6.65,55.836,12
4.49E+15,2021-06-23T14:39:43Z,45.70881667,-110.42225,3815.4,5.86,53.1,12
4.49E+15,2021-06-23T14:39:49Z,45.70903333,-110.4213667,3850.4,4.54,43.344,12
4.49E+15,2021-06-23T14:39:58Z,45.70946667,-110.41985,3905,7.23,59.868,12
4.49E+15,2021-06-23T14:40:07Z,45.70975,-110.4182667,3962.6,4.56,41.112,12
4.49E+15,2021-06-23T14:40:17Z,45.71011667,-110.4164333,4025,7.11,61.38,12
4.49E+15,2021-06-23T14:40:27Z,45.71031667,-110.4146333,4092.1,6.97,49.284,12
4.49E+15,2021-06-23T14:40:34Z,45.7106,-110.4133833,4140.7,6.78,48.636,11
4.49E+15,2021-06-23T14:40:43Z,45.71083333,-110.4115667,4194.2,5.99,48.996,12
4.49E+15,2021-06-23T14:40:54Z,45.71115,-110.4095,4255.9,5,67.968,12
4.49E+15,2021-06-23T14:41:26Z,45.71251667,-110.40265,4451.6,5.97,73.116,12
4.49E+15,2021-06-23T14:41:34Z,45.71278333,-110.4007167,4501.6,7.05,73.116,12
4.49E+15,2021-06-23T14:41:44Z,45.7131,-110.3984667,4566.6,5.77,67.176,12
4.49E+15,2021-06-23T14:41:54Z,45.71335,-110.39615,4625.1,5.81,57.096,12
4.49E+15,2021-06-23T14:42:07Z,45.7138,-110.39295,4708.9,4.49,81,12
4.49E+15,2021-06-23T14:42:30Z,45.7145,-110.38745,4853.9,6.18,76.932,12
4.49E+15,2021-06-23T14:42:40Z,45.71478333,-110.385,4910.9,6.92,71.64,12
4.49E+15,2021-06-23T14:42:52Z,45.71535,-110.3820167,4988.1,7.08,65.952,12
4.49E+15,2021-06-23T14:43:03Z,45.71588333,-110.3792333,5059.1,6.26,81.936,12
4.49E+15,2021-06-23T14:43:26Z,45.71718333,-110.3729333,5207.5,6.68,85.392,11
4.49E+15,2021-06-23T14:44:23Z,45.7198,-110.3566,5565.4,7.07,87.084,12
4.49E+15,2021-06-23T14:44:37Z,45.72058333,-110.35255,5649.8,5.43,84.312,12
4.49E+15,2021-06-23T14:44:46Z,45.72121667,-110.35,5705,5.62,95.616,12
4.49E+15,2021-06-23T14:45:00Z,45.72228333,-110.3458667,5790.9,4.55,92.16,12
4.49E+15,2021-06-23T14:45:09Z,45.72296667,-110.3431667,5844.8,5.92,80.712,12
4.49E+15,2021-06-23T14:45:40Z,45.72511667,-110.3341667,6053.6,6.88,77.688,12
4.49E+15,2021-06-23T14:45:47Z,45.7254,-110.33205,6098.2,6.41,95.004,11
4.49E+15,2021-06-23T14:46:13Z,45.72661667,-110.3238833,6265.4,6.92,79.416,11
4.49E+15,2021-06-23T14:46:21Z,45.72705,-110.3214667,6320,7.4,91.656,11
4.49E+15,2021-06-23T14:46:38Z,45.72768333,-110.3162167,6436.7,7.4,88.524,11
4.49E+15,2021-06-23T14:46:47Z,45.72815,-110.3136333,6504.3,8.14,86.004,11
4.49E+15,2021-06-23T14:46:59Z,45.72871667,-110.3099167,6599.9,7.98,90.252,10
4.49E+15,2021-06-23T14:47:07Z,45.72891667,-110.3074667,6662.8,7.84,84.924,11
4.49E+15,2021-06-23T14:47:18Z,45.72935,-110.3040833,6746.4,8.34,89.568,11
4.49E+15,2021-06-23T14:47:26Z,45.72953333,-110.3017833,6810,7.48,78.66,11
4.49E+15,2021-06-23T14:47:36Z,45.7299,-110.2986333,6887.9,7.61,94.788,11
4.49E+15,2021-06-23T14:47:43Z,45.73016667,-110.2963667,6941.8,7.82,95.4,11
4.49E+15,2021-06-23T14:47:52Z,45.73063333,-110.2937333,7010.8,7.34,85.356,12
4.49E+15,2021-06-23T14:48:00Z,45.73115,-110.2911667,7069.9,7.68,88.2,12
4.49E+15,2021-06-23T14:48:35Z,45.73411667,-110.2814333,7337.2,7.52,92.448,11
4.49E+15,2021-06-23T14:48:44Z,45.73495,-110.2790833,7410,8.14,77.364,12
4.49E+15,2021-06-23T14:48:57Z,45.73633333,-110.27565,7515,9.19,87.012,12
4.49E+15,2021-06-23T14:49:03Z,45.73688333,-110.27405,7569.4,9.12,73.512,12
4.49E+15,2021-06-23T14:49:13Z,45.7379,-110.2714167,7648.3,7.64,76.644,12
4.49E+15,2021-06-23T14:49:22Z,45.73878333,-110.26905,7720.4,7.18,72.972,12
4.49E+15,2021-06-23T14:49:30Z,45.73963333,-110.2671833,7779.8,8.55,86.904,12
4.49E+15,2021-06-23T14:49:41Z,45.74071667,-110.2646,7867.8,8.53,70.596,12
4.49E+15,2021-06-23T14:49:52Z,45.74195,-110.2618167,7949.8,7.85,85.896,12
4.49E+15,2021-06-23T14:50:00Z,45.74286667,-110.2597667,8002.9,7.76,75.132,12
4.49E+15,2021-06-23T14:50:20Z,45.74498333,-110.2552833,8157.6,8.78,78.408,12
4.49E+15,2021-06-23T14:50:31Z,45.74611667,-110.25275,8253.9,8.55,88.236,12
4.49E+15,2021-06-23T14:50:39Z,45.74698333,-110.2506667,8314.9,5.6,85.716,12
4.49E+15,2021-06-23T14:50:50Z,45.74796667,-110.248,8391.4,7.43,72.396,12
4.49E+15,2021-06-23T14:50:59Z,45.74866667,-110.2461833,8459,8.39,64.224,12
4.49E+15,2021-06-23T14:51:08Z,45.74923333,-110.2443167,8534.9,7.32,56.484,12
4.49E+15,2021-06-23T14:52:00Z,45.7532,-110.23275,8919.4,6.57,55.476,12
4.49E+15,2021-06-23T14:52:15Z,45.75413333,-110.2294333,9028.6,6.81,66.24,12
4.49E+15,2021-06-23T14:52:26Z,45.7548,-110.2271167,9106,6.6,72.972,12
4.49E+15,2021-06-23T14:52:36Z,45.75541667,-110.2250667,9180.6,7.44,61.776,12
4.49E+15,2021-06-23T14:52:49Z,45.75615,-110.2226667,9273.1,7.5,47.448,12
4.49E+15,2021-06-23T14:52:59Z,45.75686667,-110.2206667,9337.9,6.58,61.092,12
4.49E+15,2021-06-23T14:53:08Z,45.75748333,-110.2189333,9400.5,5.94,70.164,12
4.49E+15,2021-06-23T14:53:20Z,45.75816667,-110.2166,9484.2,6.57,63.396,12
4.49E+15,2021-06-23T14:54:54Z,45.7625,-110.1978667,10137,5.34,70.848,12
4.49E+15,2021-06-23T14:55:10Z,45.76323333,-110.1946333,10245,7.22,51.3,12
4.49E+15,2021-06-23T14:55:20Z,45.76336667,-110.1927,10299,4.49,53.712,12
4.49E+15,2021-06-23T14:55:31Z,45.76386667,-110.19075,10381,7.37,64.296,12
4.49E+15,2021-06-23T14:55:43Z,45.76443333,-110.1884167,10470,8.6,59.112,12
4.49E+15,2021-06-23T14:55:55Z,45.76513333,-110.1859333,10569,5.9,69.192,12
4.49E+15,2021-06-23T14:56:04Z,45.7658,-110.1842333,10633,7.96,52.596,12
4.49E+15,2021-06-23T14:56:14Z,45.76635,-110.1822333,10703,7.66,50.292,12
4.49E+15,2021-06-23T14:56:25Z,45.76698333,-110.18025,10781,7.19,73.26,12
4.49E+15,2021-06-23T14:56:43Z,45.76833333,-110.1767167,10912,5.49,51.156,12
4.49E+15,2021-06-23T14:56:52Z,45.76901667,-110.1748333,10974,6.98,68.04,12
4.49E+15,2021-06-23T14:57:02Z,45.76991667,-110.17265,11047,6.49,70.416,12
4.49E+15,2021-06-23T14:57:09Z,45.77046667,-110.1711333,11100,7.93,74.808,12
4.49E+15,2021-06-23T14:57:19Z,45.77136667,-110.1690333,11188,7.63,52.848,12
4.49E+15,2021-06-23T14:57:26Z,45.77191667,-110.1674167,11233,6.33,73.224,12
4.49E+15,2021-06-23T14:57:37Z,45.7728,-110.1651,11313,7.56,73.08,12
4.49E+15,2021-06-23T14:57:46Z,45.77351667,-110.1632833,11377,6.88,74.304,12
4.49E+15,2021-06-23T14:57:55Z,45.77423333,-110.1615,11443,6.78,74.916,12
4.49E+15,2021-06-23T14:58:06Z,45.77518333,-110.1594,11522,7.8,74.34,12
4.49E+15,2021-06-23T14:58:26Z,45.77681667,-110.1548333,11673,8.22,68.076,12
4.49E+15,2021-06-23T14:58:36Z,45.7776,-110.1529667,11735,7.4,70.092,12
4.49E+15,2021-06-23T14:58:44Z,45.77823333,-110.1510167,11795,6.71,63.936,12
4.49E+15,2021-06-23T14:58:55Z,45.77891667,-110.1486667,11861,4.91,73.368,11
4.49E+15,2021-06-23T14:59:34Z,45.78246667,-110.1397,12144,8.44,87.084,12
4.49E+15,2021-06-23T14:59:44Z,45.78376667,-110.13665,12205,4.08,106.88,12
4.49E+15,2021-06-23T15:00:02Z,45.78623333,-110.1316167,12330,8.76,98.352,12
4.49E+15,2021-06-23T15:00:11Z,45.78756667,-110.1293667,12391,5.21,99.144,12
4.49E+15,2021-06-23T15:00:22Z,45.7889,-110.12605,12441,4.02,91.584,12
4.49E+15,2021-06-23T15:00:32Z,45.79008333,-110.12305,12491,6.54,100.37,12
4.49E+15,2021-06-23T15:00:51Z,45.7925,-110.1167667,12623,7.43,111.1,12
4.49E+15,2021-06-23T15:01:01Z,45.79331667,-110.11345,12692,6.86,91.548,12
4.49E+15,2021-06-23T15:01:10Z,45.79396667,-110.1110167,12747,6.8,83.556,12
4.49E+15,2021-06-23T15:01:20Z,45.7951,-110.1082833,12830,9.21,87.84,12
4.49E+15,2021-06-23T15:01:31Z,45.79655,-110.10475,12913,8.29,96.768,12
4.49E+15,2021-06-23T15:01:38Z,45.7974,-110.10255,12964,5.87,110.41,12
4.49E+15,2021-06-23T15:01:48Z,45.79878333,-110.0990667,13013,4.5,111.13,12
4.49E+15,2021-06-23T15:01:58Z,45.8002,-110.0959167,13078,8.23,108.11,12
4.49E+15,2021-06-23T15:02:08Z,45.80118333,-110.0925667,13152,5.95,94.032,12
4.49E+15,2021-06-23T15:02:17Z,45.80195,-110.0899,13199,4.27,90.972,12
4.49E+15,2021-06-23T15:02:27Z,45.8029,-110.08675,13252,6.97,98.172,12
4.49E+15,2021-06-23T15:02:37Z,45.80363333,-110.0835833,13318,6.63,99.864,12
4.49E+15,2021-06-23T15:02:46Z,45.8046,-110.0805,13376,4.35,108.54,12
4.49E+15,2021-06-23T15:04:15Z,45.81136667,-110.0528667,13935,7.6,79.848,12
4.49E+15,2021-06-23T15:05:13Z,45.81113333,-110.03965,14312,6.25,53.316,12
4.49E+15,2021-06-23T15:05:20Z,45.81138333,-110.0383333,14359,7.65,51.084,12
4.49E+15,2021-06-23T15:05:59Z,45.81195,-110.0306333,14597,6.5,54.216,13
4.49E+15,2021-06-23T15:06:15Z,45.813,-110.0274833,14711,8.19,70.848,13
4.49E+15,2021-06-23T15:06:22Z,45.81368333,-110.0261833,14755,5.23,57.384,13
4.49E+15,2021-06-23T15:06:58Z,45.81583333,-110.0192667,14993,6.69,50.004,13
4.49E+15,2021-06-23T15:07:06Z,45.81591667,-110.0174667,15063,9.79,70.92,13
4.49E+15,2021-06-23T15:07:17Z,45.81571667,-110.0150833,15152,7.16,45.036,13
4.49E+15,2021-06-23T15:07:49Z,45.815,-110.0097333,15384,7.38,54.252,13
4.49E+15,2021-06-23T15:07:56Z,45.81491667,-110.0084167,15434,7.97,51.408,13
4.49E+15,2021-06-23T15:08:14Z,45.81488333,-110.0058833,15574,5.58,36.252,13
4.49E+15,2021-06-23T15:08:54Z,45.8155,-109.99865,15845,6.07,49.5,12
4.49E+15,2021-06-23T15:09:02Z,45.81573333,-109.9973667,15897,7.2,42.696,13
4.49E+15,2021-06-23T15:09:20Z,45.81616667,-109.9943667,16025,9.43,54.792,13
4.49E+15,2021-06-23T15:09:33Z,45.81631667,-109.9920333,16149,7.48,32.328,13
4.49E+15,2021-06-23T15:09:43Z,45.81641667,-109.9906667,16208,5.71,45.468,13
4.49E+15,2021-06-23T15:09:54Z,45.81651667,-109.9890833,16262,5.58,38.88,13
4.49E+15,2021-06-23T15:10:05Z,45.81668333,-109.9872667,16320,4.58,57.492,13
4.49E+15,2021-06-23T15:10:14Z,45.81656667,-109.9856,16380,5.86,39.132,13
4.49E+15,2021-06-23T15:10:21Z,45.81651667,-109.9845833,16422,6.52,49.464,13
4.49E+15,2021-06-23T15:10:30Z,45.81643333,-109.98305,16477,7.01,44.28,13
4.49E+15,2021-06-23T15:10:41Z,45.8165,-109.9816167,16556,8.03,36.144,13
4.49E+15,2021-06-23T15:10:51Z,45.81668333,-109.9804833,16639,8.93,29.232,13
4.49E+15,2021-06-23T15:11:00Z,45.81638333,-109.9791333,16705,7.06,38.376,13
4.49E+15,2021-06-23T15:11:11Z,45.81641667,-109.9776333,16790,8.46,51.12,11
4.49E+15,2021-06-23T15:11:22Z,45.81615,-109.97595,16875,8.29,60.372,13
4.49E+15,2021-06-23T15:11:33Z,45.8157,-109.9743667,16964,7.84,59.724,13
4.49E+15,2021-06-23T15:11:41Z,45.81531667,-109.9728333,17040,10.03,59.868,13
4.49E+15,2021-06-23T15:11:50Z,45.81508333,-109.9717,17107,6.79,28.332,13
4.49E+15,2021-06-23T15:12:10Z,45.81361667,-109.9695,17231,7.93,36.396,12
4.49E+15,2021-06-23T15:12:18Z,45.81343333,-109.9688833,17287,6.26,16.704,13
4.49E+15,2021-06-23T15:12:28Z,45.81328333,-109.9679333,17356,8.68,37.26,13
4.49E+15,2021-06-23T15:12:42Z,45.81325,-109.9660667,17440,4.63,42.048,13
4.49E+15,2021-06-23T15:12:54Z,45.81315,-109.96415,17496,4.67,43.38,13
4.49E+15,2021-06-23T15:13:18Z,45.81286667,-109.9609833,17610,5.52,33.696,12
4.49E+15,2021-06-23T15:13:40Z,45.81208333,-109.95845,17714,5.38,25.596,13
4.49E+15,2021-06-23T15:13:49Z,45.81183333,-109.9579333,17759,6.43,19.836,13
4.49E+15,2021-06-23T15:14:00Z,45.81146667,-109.9572667,17852,9.81,19.512,12
4.49E+15,2021-06-23T15:14:32Z,45.81145,-109.9564833,18071,6.35,5.868,13
4.49E+15,2021-06-23T15:15:02Z,45.81156667,-109.9544667,18298,5.59,41.04,13
4.49E+15,2021-06-23T15:15:11Z,45.81118333,-109.95355,18347,5.67,21.312,13
4.49E+15,2021-06-23T15:15:21Z,45.81083333,-109.9531333,18402,6.36,20.304,13
4.49E+15,2021-06-23T15:15:32Z,45.8105,-109.95295,18479,6.81,13.356,13
4.49E+15,2021-06-23T15:15:48Z,45.80956667,-109.9530167,18599,6.38,23.076,13
4.49E+15,2021-06-23T15:16:04Z,45.80891667,-109.9529167,18696,5.48,9.324,13
4.49E+15,2021-06-23T15:16:22Z,45.80815,-109.9524833,18793,5.02,17.532,13
4.49E+15,2021-06-23T15:16:34Z,45.8077,-109.9522667,18855,5.84,14.22,13
4.49E+15,2021-06-23T15:16:47Z,45.807,-109.9527333,18933,7.84,27.648,12
4.49E+15,2021-06-23T15:17:03Z,45.80611667,-109.9531333,19072,8.6,34.74,13
4.49E+15,2021-06-23T15:17:26Z,45.80565,-109.95485,19196,5.21,5.796,13
4.49E+15,2021-06-23T15:17:36Z,45.80541667,-109.9552,19265,5.82,10.476,13
4.49E+15,2021-06-23T15:17:45Z,45.80533333,-109.9553833,19311,5.89,9.432,13
4.49E+15,2021-06-23T15:17:54Z,45.80505,-109.95545,19359,4.97,15.192,13
4.49E+15,2021-06-23T15:18:05Z,45.80471667,-109.956,19423,5.88,21.636,13
4.49E+15,2021-06-23T15:18:16Z,45.80466667,-109.9564667,19480,6.5,19.98,12
4.49E+15,2021-06-23T15:18:25Z,45.80473333,-109.9571167,19534,6.53,13.716,13
4.49E+15,2021-06-23T15:18:35Z,45.80491667,-109.9575333,19592,6.02,17.028,13
4.49E+15,2021-06-23T15:18:44Z,45.80538333,-109.9578,19641,5.98,17.928,13
4.49E+15,2021-06-23T15:18:53Z,45.806,-109.9582667,19687,5.39,39.6,13
4.49E+15,2021-06-23T15:19:03Z,45.80658333,-109.9588333,19740,3.77,12.744,13
4.49E+15,2021-06-23T15:19:19Z,45.80733333,-109.9589167,19830,5.76,20.016,13
4.49E+15,2021-06-23T15:19:26Z,45.8076,-109.9587833,19865,6.48,19.944,13
4.49E+15,2021-06-23T15:19:36Z,45.8082,-109.9583833,19921,4.19,27.108,13
4.49E+15,2021-06-23T15:19:45Z,45.80868333,-109.9583,19971,4.58,8.856,13
4.49E+15,2021-06-23T15:19:52Z,45.80875,-109.9583833,20016,8.74,3.564,13
4.49E+15,2021-06-23T15:20:00Z,45.80898333,-109.9582833,20067,4.76,12.816,13
4.49E+15,2021-06-23T15:20:10Z,45.80928333,-109.9580167,20124,4.22,16.236,13
4.49E+15,2021-06-23T15:20:21Z,45.80943333,-109.9578,20187,6.12,7.272,13
4.49E+15,2021-06-23T15:20:26Z,45.8095,-109.9574833,20214,5.87,24.84,13
4.49E+15,2021-06-23T15:20:36Z,45.80945,-109.9569667,20267,5.48,21.096,13
4.49E+15,2021-06-23T15:20:47Z,45.80938333,-109.9565,20325,5.78,7.164,13
4.49E+15,2021-06-23T15:20:52Z,45.80943333,-109.9565,20351,4.04,10.08,13
4.49E+15,2021-06-23T15:21:01Z,45.80941667,-109.95675,20394,3.97,7.164,13
4.49E+15,2021-06-23T15:21:11Z,45.80945,-109.9568333,20450,5.21,17.748,13
4.49E+15,2021-06-23T15:21:15Z,45.80943333,-109.957,20472,5.51,11.988,13
4.49E+15,2021-06-23T15:21:25Z,45.80943333,-109.9573,20527,5.62,5.148,13
4.49E+15,2021-06-23T15:21:33Z,45.8096,-109.9575,20571,4.51,16.884,13
4.49E+15,2021-06-23T15:21:43Z,45.80948333,-109.95775,20625,6.35,13.644,13
4.49E+15,2021-06-23T15:21:53Z,45.80928333,-109.9582,20684,6.01,16.128,13
4.49E+15,2021-06-23T15:22:03Z,45.809,-109.95885,20741,3.86,22.86,13
4.49E+15,2021-06-23T15:22:11Z,45.80873333,-109.9590833,20787,5,17.964,13
4.49E+15,2021-06-23T15:22:19Z,45.80845,-109.9594333,20828,5.32,10.62,13
4.49E+15,2021-06-23T15:22:30Z,45.80798333,-109.9599167,20893,5.62,24.984,13
4.49E+15,2021-06-23T15:22:40Z,45.80735,-109.96035,20949,5.56,29.34,13
4.49E+15,2021-06-23T15:22:50Z,45.807,-109.9611,21002,4.45,21.312,13
4.49E+15,2021-06-23T15:23:03Z,45.80665,-109.9622667,21070,5.45,28.8,13
4.49E+15,2021-06-23T15:24:11Z,45.8061,-109.9659833,21412,7.49,18.576,12
4.49E+15,2021-06-23T15:24:19Z,45.80615,-109.9663667,21473,5.98,19.08,12
4.49E+15,2021-06-23T15:24:33Z,45.80636667,-109.9671333,21555,4.79,6.228,12
4.49E+15,2021-06-23T15:24:45Z,45.80635,-109.9676667,21620,4.28,8.136,13
4.49E+15,2021-06-23T15:25:19Z,45.8068,-109.9690167,21793,5.11,18.54,13
4.49E+15,2021-06-23T15:25:33Z,45.80703333,-109.9700167,21862,5.38,22.932,13
4.49E+15,2021-06-23T15:25:44Z,45.8073,-109.9706833,21917,4.71,20.124,13
4.49E+15,2021-06-23T15:25:52Z,45.80733333,-109.9709667,21956,5.83,7.344,13
4.49E+15,2021-06-23T15:26:03Z,45.80736667,-109.9713167,22015,6.1,8.136,13
4.49E+15,2021-06-23T15:26:32Z,45.80721667,-109.9710167,22221,5.04,6.156,13
4.49E+15,2021-06-23T15:26:43Z,45.80701667,-109.9713833,22282,5.4,9.612,13
4.49E+15,2021-06-23T15:26:54Z,45.80691667,-109.9716333,22341,5.38,5.94,13
4.49E+15,2021-06-23T15:27:03Z,45.80685,-109.97195,22392,5.21,6.192,13
4.49E+15,2021-06-23T15:27:15Z,45.80671667,-109.9717833,22452,5.47,9.036,13
4.49E+15,2021-06-23T15:27:24Z,45.80663333,-109.9717667,22502,5.91,13.428,13
4.49E+15,2021-06-23T15:27:32Z,45.80623333,-109.9718167,22546,6.32,22.32,13
4.49E+15,2021-06-23T15:27:40Z,45.80605,-109.9722333,22590,5.27,18.036,13
4.49E+15,2021-06-23T15:27:50Z,45.8059,-109.9724833,22639,4.95,16.668,13
4.49E+15,2021-06-23T15:27:54Z,45.80586667,-109.9727667,22660,5.43,12.78,13
4.49E+15,2021-06-23T15:28:04Z,45.8058,-109.9733167,22712,4.85,30.636,13
4.49E+15,2021-06-23T15:28:11Z,45.80585,-109.9739667,22753,6.72,21.06,13
4.49E+15,2021-06-23T15:28:21Z,45.80585,-109.9750333,22807,5.26,37.26,13
4.49E+15,2021-06-23T15:28:31Z,45.80611667,-109.9760333,22860,4.82,17.892,13
4.49E+15,2021-06-23T15:28:37Z,45.80625,-109.9765667,22893,5.45,31.932,13
4.49E+15,2021-06-23T15:28:46Z,45.80638333,-109.9772833,22942,5.45,20.592,13
4.49E+15,2021-06-23T15:28:55Z,45.80658333,-109.9779667,22991,5.7,21.384,13
4.49E+15,2021-06-23T15:29:05Z,45.80665,-109.9787,23045,5.81,24.48,13
4.49E+15,2021-06-23T15:29:13Z,45.8068,-109.9793833,23087,5.37,27.792,13
4.49E+15,2021-06-23T15:29:22Z,45.80703333,-109.9800667,23136,4.81,12.96,13
4.49E+15,2021-06-23T15:29:31Z,45.80708333,-109.9806,23183,4.74,25.812,14
4.49E+15,2021-06-23T15:29:38Z,45.8071,-109.9810333,23219,4.68,13.968,14
4.49E+15,2021-06-23T15:29:46Z,45.80711667,-109.9812667,23260,4.94,14.04,14
4.49E+15,2021-06-23T15:29:56Z,45.80705,-109.9817,23315,5.61,16.776,14
4.49E+15,2021-06-23T15:30:04Z,45.80708333,-109.9821667,23358,5.86,18.864,14
4.49E+15,2021-06-23T15:30:13Z,45.80698333,-109.9827167,23409,5.86,12.888,14
4.49E+15,2021-06-23T15:30:21Z,45.80703333,-109.9831833,23454,5.68,21.528,14
4.49E+15,2021-06-23T15:30:31Z,45.80711667,-109.9840333,23510,4.53,24.48,14
4.49E+15,2021-06-23T15:30:36Z,45.80721667,-109.9843833,23538,5.71,14.112,14
4.49E+15,2021-06-23T15:30:40Z,45.80725,-109.9845167,23560,5.48,12.024,14
4.49E+15,2021-06-23T15:30:49Z,45.80736667,-109.98495,23611,6.07,15.516,14
4.49E+15,2021-06-23T15:30:58Z,45.80735,-109.9851,23665,5.92,4.896,14
4.49E+15,2021-06-23T15:31:11Z,45.8074,-109.98505,23734,5.01,9.612,14
4.49E+15,2021-06-23T15:31:20Z,45.80743333,-109.9847,23783,6.05,9.36,14
4.49E+15,2021-06-23T15:31:31Z,45.80731667,-109.9844833,23840,5.51,8.856,14
4.49E+15,2021-06-23T15:31:51Z,45.80653333,-109.98435,23965,5.82,15.444,14
4.49E+15,2021-06-23T15:31:59Z,45.80621667,-109.9845167,24008,4.81,29.844,14
4.49E+15,2021-06-23T15:32:07Z,45.80581667,-109.9848167,24053,5.43,19.62,14
4.49E+15,2021-06-23T15:32:26Z,45.8042,-109.9857667,24152,4.5,41.004,14
4.49E+15,2021-06-23T15:32:35Z,45.80331667,-109.9862833,24197,5.46,48.06,14
4.49E+15,2021-06-23T15:32:42Z,45.8027,-109.9868167,24232,4.28,37.728,14
4.49E+15,2021-06-23T15:33:00Z,45.80111667,-109.9882667,24330,6.61,40.608,14
4.49E+15,2021-06-23T15:34:01Z,45.7992,-109.9961,24663,5.51,39.06,14
4.49E+15,2021-06-23T15:34:08Z,45.79901667,-109.9968167,24697,5.69,33.48,14
4.49E+15,2021-06-23T15:34:18Z,45.79858333,-109.99795,24754,5.18,28.908,14
4.49E+15,2021-06-23T15:34:27Z,45.79835,-109.9989,24800,5.23,40.716,14
4.49E+15,2021-06-23T15:34:37Z,45.79808333,-110.0001667,24853,5.03,24.48,14
4.49E+15,2021-06-23T15:34:47Z,45.79793333,-110.0013167,24910,5.6,42.264,14
4.49E+15,2021-06-23T15:34:56Z,45.79796667,-110.00245,24959,5.48,27.54,14
4.49E+15,2021-06-23T15:35:06Z,45.79776667,-110.0038167,25013,5.11,49.752,14
4.49E+15,2021-06-23T15:35:18Z,45.79761667,-110.0055167,25075,5.96,40.5,14
4.49E+15,2021-06-23T15:35:25Z,45.7975,-110.0066833,25113,5.82,44.1,14
4.49E+15,2021-06-23T15:35:35Z,45.79733333,-110.0080167,25163,5.71,36.432,14
4.49E+15,2021-06-23T15:35:43Z,45.79738333,-110.0091833,25205,5.6,33.588,14
4.49E+15,2021-06-23T15:35:51Z,45.79725,-110.0101833,25249,5.38,45.432,14
4.49E+15,2021-06-23T15:36:02Z,45.7969,-110.0118833,25305,5.3,35.136,14
4.49E+15,2021-06-23T15:36:11Z,45.79678333,-110.01325,25353,6.02,44.676,14
4.49E+15,2021-06-23T15:36:20Z,45.79661667,-110.0143833,25402,5.2,31.716,14
4.49E+15,2021-06-23T15:36:28Z,45.79665,-110.0155167,25443,5.4,44.064,14
4.49E+15,2021-06-23T15:36:36Z,45.79661667,-110.0166167,25488,4.44,40.68,14
4.49E+15,2021-06-23T15:36:42Z,45.79678333,-110.0173667,25519,5.75,37.8,14
4.49E+15,2021-06-23T15:36:51Z,45.79685,-110.0185,25569,5.25,36.576,14
4.49E+15,2021-06-23T15:37:00Z,45.79715,-110.0196167,25616,5.2,34.632,14
4.49E+15,2021-06-23T15:37:09Z,45.7972,-110.0207667,25663,5.26,42.192,14
4.49E+15,2021-06-23T15:37:16Z,45.79735,-110.0216333,25701,4.87,27.468,14
4.49E+15,2021-06-23T15:37:26Z,45.79726667,-110.0230333,25752,5.36,51.948,14
4.49E+15,2021-06-23T15:37:34Z,45.79725,-110.0244333,25798,5.62,44.388,14
4.49E+15,2021-06-23T15:37:43Z,45.79726667,-110.02575,25843,5.11,51.12,14
4.49E+15,2021-06-23T15:37:50Z,45.7972,-110.0271167,25881,5.63,50.184,14
4.49E+15,2021-06-23T15:38:00Z,45.79733333,-110.0286167,25933,5.62,45.864,14
4.49E+15,2021-06-23T15:38:08Z,45.79743333,-110.0298,25975,5.42,33.264,14
4.49E+15,2021-06-23T15:38:18Z,45.79766667,-110.0311667,26026,5.53,36.9,14
4.49E+15,2021-06-23T15:38:26Z,45.79785,-110.0319833,26075,6.36,28.908,14
4.49E+15,2021-06-23T15:38:33Z,45.7981,-110.0325667,26112,5.53,23.94,14
4.49E+15,2021-06-23T15:38:42Z,45.79813333,-110.0332333,26162,5.77,18.468,14
4.49E+15,2021-06-23T15:38:51Z,45.79825,-110.0339167,26213,4.84,29.376,14
4.49E+15,2021-06-23T15:39:00Z,45.79818333,-110.0347,26260,4.74,12.456,14
4.49E+15,2021-06-23T15:39:09Z,45.79818333,-110.0353333,26307,5.01,37.008,14
4.49E+15,2021-06-23T15:39:17Z,45.7982,-110.03625,26347,4.38,22.14,14
4.49E+15,2021-06-23T15:39:25Z,45.7983,-110.03715,26389,5.39,44.748,14
4.49E+15,2021-06-23T15:39:35Z,45.79856667,-110.0384833,26440,5.43,36.504,14
4.49E+15,2021-06-23T15:39:45Z,45.79881667,-110.0398833,26492,4.81,43.668,14
4.49E+15,2021-06-23T15:39:53Z,45.79918333,-110.04075,26532,5.26,32.328,14
4.49E+15,2021-06-23T15:40:02Z,45.79938333,-110.0417833,26580,5.75,29.052,14
4.49E+15,2021-06-23T15:40:11Z,45.79976667,-110.0426,26629,5.63,30.996,14
4.49E+15,2021-06-23T15:40:19Z,45.79991667,-110.0433167,26670,5.68,23.256,14
4.49E+15,2021-06-23T15:40:30Z,45.80018333,-110.0440667,26728,5.22,26.1,14
4.49E+15,2021-06-23T15:40:44Z,45.80043333,-110.0450667,26801,5.28,19.116,14
4.49E+15,2021-06-23T15:41:07Z,45.80033333,-110.0464333,26921,5.86,20.952,14
4.49E+15,2021-06-23T15:41:12Z,45.80031667,-110.0469,26949,5.55,28.116,14
4.49E+15,2021-06-23T15:41:20Z,45.80015,-110.0477667,26989,5.08,32.976,14
4.49E+15,2021-06-23T15:41:30Z,45.80023333,-110.0488667,27043,5.47,30.204,14
4.49E+15,2021-06-23T15:41:38Z,45.8004,-110.0499333,27088,5.62,46.728,14
4.49E+15,2021-06-23T15:41:47Z,45.80065,-110.0512,27138,5.21,26.676,14
4.49E+15,2021-06-23T15:42:06Z,45.80083333,-110.05345,27238,5.86,43.56,15
4.49E+15,2021-06-23T15:42:18Z,45.80111667,-110.0547833,27307,5.85,33.984,15
4.49E+15,2021-06-23T15:43:37Z,45.80291667,-110.0621333,27763,5.21,24.876,15
4.49E+15,2021-06-23T15:43:56Z,45.80298333,-110.0640167,27867,5.28,27.504,14
4.49E+15,2021-06-23T15:44:03Z,45.8031,-110.0647333,27908,5.58,31.32,14
4.49E+15,2021-06-23T15:44:14Z,45.80355,-110.0657167,27973,5.78,27.792,14
4.49E+15,2021-06-23T15:44:21Z,45.80395,-110.0664333,28011,5.43,41.544,14
4.49E+15,2021-06-23T15:44:31Z,45.80446667,-110.0677167,28066,5.22,33.264,14
4.49E+15,2021-06-23T15:44:40Z,45.80488333,-110.06855,28116,5.51,31.68,14
4.49E+15,2021-06-23T15:44:47Z,45.80516667,-110.0692167,28156,5.54,26.712,14
4.49E+15,2021-06-23T15:44:57Z,45.80525,-110.06995,28206,5.05,17.784,14
4.49E+15,2021-06-23T15:45:05Z,45.80535,-110.07055,28249,4.16,28.62,14
4.49E+15,2021-06-23T15:45:23Z,45.80498333,-110.0719833,28336,4.6,35.82,14
4.49E+15,2021-06-23T15:45:33Z,45.8045,-110.0729667,28384,4.76,25.164,14
4.49E+15,2021-06-23T15:45:40Z,45.8044,-110.0737333,28419,4.88,35.46,14
4.49E+15,2021-06-23T15:45:50Z,45.80433333,-110.0751833,28471,5.69,42.624,14
4.49E+15,2021-06-23T15:45:58Z,45.8042,-110.0762333,28512,5.24,32.94,14
4.49E+15,2021-06-23T15:46:09Z,45.80448333,-110.0777333,28568,5.08,49.14,14
4.49E+15,2021-06-23T15:46:18Z,45.80468333,-110.07915,28618,5.94,38.052,14
4.49E+15,2021-06-23T15:46:39Z,45.80508333,-110.0824667,28013,-38.59,59.904,14
4.49E+15,2021-06-23T15:46:50Z,45.80458333,-110.08365,27579,-39.55,31.32,12
4.49E+15,2021-06-23T15:46:56Z,45.80451667,-110.0842333,27354,-38.83,42.192,12
4.49E+15,2021-06-23T15:47:05Z,45.80475,-110.0853333,27051,-32.76,38.808,14
4.49E+15,2021-06-23T15:47:14Z,45.80448333,-110.0862,26739,-35.06,37.332,14
4.49E+15,2021-06-23T15:47:25Z,45.80505,-110.0872667,26361,-33.02,18.504,13
4.49E+15,2021-06-23T15:47:29Z,45.80505,-110.0876833,26232,-33.82,34.236,13
4.49E+15,2021-06-23T15:47:39Z,45.80543333,-110.0893667,25923,-33.5,46.8,14
4.49E+15,2021-06-23T15:47:48Z,45.8053,-110.0911333,25622,-34.46,55.548,14
4.49E+15,2021-06-23T15:47:58Z,45.8055,-110.09255,25306,-31.13,58.464,13
4.49E+15,2021-06-23T15:48:05Z,45.80551667,-110.09355,25083,-31.21,63.756,13
4.49E+15,2021-06-23T15:48:13Z,45.80566667,-110.0945333,24841,-28.45,5.544,14
4.49E+15,2021-06-23T15:48:23Z,45.8056,-110.0951667,24548,-28.01,54.108,14
4.49E+15,2021-06-23T15:48:30Z,45.8054,-110.09665,24344,-29.26,71.784,14
4.49E+15,2021-06-23T15:48:39Z,45.80491667,-110.0975333,24091,-26.27,24.156,14
4.49E+15,2021-06-23T15:48:50Z,45.80435,-110.0985667,23780,-31.22,2.952,12
4.49E+15,2021-06-23T15:48:56Z,45.80441667,-110.09895,23619,-23.48,42.3,13
4.49E+15,2021-06-23T15:49:06Z,45.80473333,-110.0996833,23345,-25.62,19.908,14
4.49E+15,2021-06-23T15:49:44Z,45.80528333,-110.1011833,22376,-25.46,13.968,11
4.49E+15,2021-06-23T15:49:51Z,45.80508333,-110.1014833,22197,-22.92,21.492,12
4.49E+15,2021-06-23T15:50:02Z,45.8047,-110.1015833,21945,-20.03,23.544,11
4.49E+15,2021-06-23T15:50:13Z,45.80453333,-110.1022167,21699,-20.98,46.404,12
4.49E+15,2021-06-23T15:50:24Z,45.80486667,-110.1031333,21448,-22.67,26.928,11
4.49E+15,2021-06-23T15:50:45Z,45.80466667,-110.1043167,20973,-21.38,23.904,10
4.49E+15,2021-06-23T15:51:04Z,45.8041,-110.1052167,20561,-21.66,17.316,12
4.49E+15,2021-06-23T15:51:34Z,45.80436667,-110.1051,19944,-19.91,21.708,12
4.49E+15,2021-06-23T15:52:11Z,45.80568333,-110.10605,19207,-18.86,13.14,9
4.49E+15,2021-06-23T15:52:22Z,45.80578333,-110.10675,18991,-19.8,28.08,10
4.49E+15,2021-06-23T15:52:33Z,45.80575,-110.1070833,18778,-19.43,3.888,8
4.49E+15,2021-06-23T15:52:51Z,45.8053,-110.1071833,18440,-18.96,24.12,10
4.49E+15,2021-06-23T15:52:59Z,45.80495,-110.107,18291,-18.47,23.796,10
4.49E+15,2021-06-23T15:53:09Z,45.80458333,-110.1063833,18106,-17.98,20.556,10
4.49E+15,2021-06-23T15:53:18Z,45.80441667,-110.1057167,17946,-17.63,37.908,10
4.49E+15,2021-06-23T15:53:39Z,45.80366667,-110.1033833,17578,-17.67,33.264,6
4.49E+15,2021-06-23T15:53:48Z,45.80351667,-110.1023833,17421,-16.76,41.616,10
4.49E+15,2021-06-23T15:54:07Z,45.80288333,-110.1011,17111,-16.58,40.608,9
4.49E+15,2021-06-23T15:54:17Z,45.80226667,-110.0998667,16959,-15.44,53.964,10
4.49E+15,2021-06-23T15:54:27Z,45.80188333,-110.0980667,16802,-15.14,62.352,10
4.49E+15,2021-06-23T15:54:37Z,45.8018,-110.0962167,16645,-15.44,53.64,10
4.49E+15,2021-06-23T15:54:45Z,45.8018,-110.0948,16522,-15.48,62.172,10
4.49E+15,2021-06-23T15:54:54Z,45.80193333,-110.0933333,16383,-15.49,49.14,10
4.49E+15,2021-06-23T15:55:02Z,45.802,-110.0918167,16260,-15.3,65.556,10
4.49E+15,2021-06-23T15:55:11Z,45.80205,-110.0899667,16120,-15.55,53.676,10
4.49E+15,2021-06-23T15:55:22Z,45.80231667,-110.0876,15953,-15.06,56.304,9
4.49E+15,2021-06-23T15:55:35Z,45.80278333,-110.0849833,15755,-15.37,45.288,10
4.49E+15,2021-06-23T15:55:54Z,45.80336667,-110.0821333,15477,-14.62,44.1,10
4.49E+15,2021-06-23T15:56:03Z,45.80353333,-110.0808,15344,-14.53,42.876,10
4.49E+15,2021-06-23T15:56:14Z,45.80365,-110.07915,15182,-14.49,32.292,10
4.49E+15,2021-06-23T15:56:17Z,45.80366667,-110.0786833,15139,-14.36,50.796,10
4.49E+15,2021-06-23T15:56:27Z,45.80376667,-110.0768333,14995,-14.98,67.716,9
4.49E+15,2021-06-23T15:56:35Z,45.80396667,-110.0751667,14883,-14.2,54.144,10
4.49E+15,2021-06-23T15:56:45Z,45.80428333,-110.0730667,14741,-13.84,61.812,11
4.49E+15,2021-06-23T15:56:53Z,45.80463333,-110.0715667,14630,-13.83,55.728,11
4.49E+15,2021-06-23T15:56:59Z,45.80485,-110.07055,14549,-13.7,58.428,10
4.49E+15,2021-06-23T15:57:10Z,45.80521667,-110.0685333,14399,-13.57,57.096,11
4.49E+15,2021-06-23T15:57:18Z,45.80533333,-110.067,14293,-13.13,63.684,11
4.49E+15,2021-06-23T15:57:28Z,45.8054,-110.0650333,14163,-12.32,57.168,11
4.49E+15,2021-06-23T15:57:35Z,45.80538333,-110.0636,14073,-12.56,50.832,11
4.49E+15,2021-06-23T15:57:44Z,45.80531667,-110.0615,13959,-12.43,76.212,11
4.49E+15,2021-06-23T15:57:53Z,45.80548333,-110.05915,13848,-12.25,74.268,11
4.49E+15,2021-06-23T15:58:02Z,45.80593333,-110.0565667,13739,-12.05,97.092,10
4.49E+15,2021-06-23T15:58:13Z,45.80666667,-110.05345,13603,-11.9,90.72,10
4.49E+15,2021-06-23T15:58:33Z,45.80821667,-110.0478,13356,-12.08,85.464,11
4.49E+15,2021-06-23T15:58:37Z,45.80861667,-110.0466333,13308,-12.04,83.052,11
4.49E+15,2021-06-23T15:58:46Z,45.80948333,-110.0437667,13198,-11.94,108.61,11
4.49E+15,2021-06-23T15:58:54Z,45.81043333,-110.0411,13102,-12.07,117.4,9
4.49E+15,2021-06-23T15:59:04Z,45.81186667,-110.0377333,12979,-12.14,110.16,10
4.49E+15,2021-06-23T15:59:15Z,45.81345,-110.0342333,12843,-11.42,102.31,12
4.49E+15,2021-06-23T15:59:25Z,45.81465,-110.0313167,12724,-11.84,83.34,12
4.49E+15,2021-06-23T15:59:35Z,45.81555,-110.0281667,12606,-11.57,105.01,11
4.49E+15,2021-06-23T15:59:47Z,45.81691667,-110.0243167,12464,-12.11,102.6,12
4.49E+15,2021-06-23T15:59:58Z,45.81838333,-110.0210833,12337,-11.32,111.85,12
4.49E+15,2021-06-23T16:01:41Z,45.82985,-109.9953,11233,-10.23,82.548,12
4.49E+15,2021-06-23T16:01:50Z,45.83086667,-109.9934333,11143,-9.6,66.024,12
4.49E+15,2021-06-23T16:02:02Z,45.83208333,-109.9908333,11024,-10.07,74.916,12
4.49E+15,2021-06-23T16:03:01Z,45.83773333,-109.9771833,10456,-9.28,67.752,11
4.49E+15,2021-06-23T16:03:17Z,45.83896667,-109.97375,10302,-9.62,56.232,11
4.49E+15,2021-06-23T16:03:49Z,45.84101667,-109.9667333,10002,-9.17,61.344,12
4.49E+15,2021-06-23T16:03:56Z,45.8414,-109.9652,9937.8,-9.03,71.1,12
4.49E+15,2021-06-23T16:04:07Z,45.8421,-109.9627833,9836,-9.27,74.052,11
4.49E+15,2021-06-23T16:04:16Z,45.8427,-109.9607333,9754.6,-9,81.324,12
4.49E+15,2021-06-23T16:04:25Z,45.8433,-109.9586667,9671.9,-9.14,80.028,12
4.49E+15,2021-06-23T16:04:29Z,45.84358333,-109.9577833,9636,-9,80.028,12
4.49E+15,2021-06-23T16:04:38Z,45.84423333,-109.95585,9554.9,-9.3,75.06,11
4.49E+15,2021-06-23T16:04:49Z,45.84501667,-109.9536,9457.1,-8.93,68.868,12
4.49E+15,2021-06-23T16:04:57Z,45.84561667,-109.9519833,9385,-8.85,63.468,12
4.49E+15,2021-06-23T16:05:07Z,45.84636667,-109.9499333,9296.2,-8.84,70.92,12
4.49E+15,2021-06-23T16:05:13Z,45.84683333,-109.9487833,9244,-8.56,51.696,12
4.49E+15,2021-06-23T16:05:22Z,45.84756667,-109.9469667,9165.5,-8.78,59.364,12
4.49E+15,2021-06-23T16:05:31Z,45.8483,-109.94505,9086.1,-8.47,65.664,12
4.49E+15,2021-06-23T16:05:38Z,45.84888333,-109.9435167,9024.8,-8.74,64.008,11
4.49E+15,2021-06-23T16:05:48Z,45.84968333,-109.94125,8940.3,-8.74,79.596,11
4.49E+15,2021-06-23T16:05:57Z,45.85041667,-109.9391167,8863.1,-8.42,86.58,12
4.49E+15,2021-06-23T16:06:06Z,45.85115,-109.9369,8785,-8.32,86.616,12
4.49E+15,2021-06-23T16:06:18Z,45.8521,-109.934,8683.6,-8.2,85.248,12
4.49E+15,2021-06-23T16:06:22Z,45.85241667,-109.93305,8650,-8.2,83.124,11
4.49E+15,2021-06-23T16:06:30Z,45.85313333,-109.9311333,8582.2,-7.82,71.388,12
4.49E+15,2021-06-23T16:06:39Z,45.85401667,-109.9289833,8507.9,-8.03,80.352,11
4.49E+15,2021-06-23T16:06:50Z,45.85516667,-109.92625,8419.5,-8.28,89.928,12
4.49E+15,2021-06-23T16:07:01Z,45.85641667,-109.9234,8330.3,-7.96,93.708,12
4.49E+15,2021-06-23T16:07:04Z,45.85681667,-109.9225667,8306.2,-7.93,78.084,11
4.49E+15,2021-06-23T16:07:12Z,45.85778333,-109.9203667,8244.8,-7.47,84.924,12
4.49E+15,2021-06-23T16:07:23Z,45.85905,-109.9172,8157,-7.56,102.53,12
4.49E+15,2021-06-23T16:07:33Z,45.8602,-109.9141667,8078.3,-7.88,88.308,12
4.49E+15,2021-06-23T16:07:43Z,45.86123333,-109.9111167,8000,-8.19,93.312,12
4.49E+15,2021-06-23T16:07:52Z,45.86211667,-109.9082333,7928.6,-7.91,101.59,12
4.49E+15,2021-06-23T16:08:01Z,45.86293333,-109.9053,7860.2,-7.65,109.26,12
4.49E+15,2021-06-23T16:08:11Z,45.86388333,-109.9020333,7781.8,-7.8,96.048,12
4.49E+15,2021-06-23T16:08:22Z,45.8648,-109.8984667,7695.6,-8.05,102.78,11
4.49E+15,2021-06-23T16:08:30Z,45.86545,-109.8958333,7631.3,-8.06,97.2,10
4.49E+15,2021-06-23T16:08:40Z,45.86616667,-109.8924667,7553.8,-7.81,105.37,12
4.49E+15,2021-06-23T16:08:47Z,45.86658333,-109.8901833,7496,-8.01,87.768,11
4.49E+15,2021-06-23T16:08:58Z,45.86711667,-109.8865,7408.8,-7.54,102.78,12
4.49E+15,2021-06-23T16:09:08Z,45.86751667,-109.88325,7328.7,-8.33,80.892,10
4.49E+15,2021-06-23T16:09:19Z,45.8678,-109.8797333,7236.9,-8.29,101.34,12
4.49E+15,2021-06-23T16:09:32Z,45.8682,-109.8756333,7132.2,-7.84,98.568,12
4.49E+15,2021-06-23T16:09:43Z,45.86856667,-109.8722167,7043.6,-8.28,83.988,12
4.49E+15,2021-06-23T16:10:03Z,45.86921667,-109.8661333,6881.2,-8.22,97.2,12
4.49E+15,2021-06-23T16:10:23Z,45.87013333,-109.8601833,6722.8,-7.75,77.724,12
4.49E+15,2021-06-23T16:10:30Z,45.87045,-109.8580833,6667.8,-8.04,97.452,12
4.49E+15,2021-06-23T16:10:50Z,45.87153333,-109.8522333,6508.4,-8.08,75.204,12
4.49E+15,2021-06-23T16:11:21Z,45.87285,-109.8431333,6266.6,-7.51,69.624,12
4.49E+15,2021-06-23T16:12:38Z,45.87526667,-109.8216833,5683.4,-7.61,68.472,11
4.49E+15,2021-06-23T16:12:48Z,45.87575,-109.8191167,5607.3,-7.25,68.58,10
4.49E+15,2021-06-23T16:13:06Z,45.8766,-109.8144167,5469.7,-7.94,63.576,12
4.49E+15,2021-06-23T16:13:16Z,45.87695,-109.8118667,5392.4,-7.48,77.436,11
4.49E+15,2021-06-23T16:13:30Z,45.8774,-109.80835,5287.5,-7.51,79.38,9
4.49E+15,2021-06-23T16:13:40Z,45.87768333,-109.8059167,5213.4,-7.46,76.104,11
4.49E+15,2021-06-23T16:13:49Z,45.8779,-109.80385,5144.6,-7.42,72.216,11
4.49E+15,2021-06-23T16:14:02Z,45.87823333,-109.801,5046.7,-7.34,71.676,10
4.49E+15,2021-06-23T16:14:18Z,45.87866667,-109.7976,4932.4,-7.03,57.24,11
4.49E+15,2021-06-23T16:14:26Z,45.87881667,-109.7959667,4873.2,-7.57,70.308,11
4.49E+15,2021-06-23T16:14:35Z,45.87906667,-109.7941,4804.6,-7.27,68.976,11
4.49E+15,2021-06-23T16:14:43Z,45.87931667,-109.7924667,4746.3,-7.37,58.788,11
4.49E+15,2021-06-23T16:14:50Z,45.87953333,-109.7909667,4696.1,-7.08,60.984,11
4.49E+15,2021-06-23T16:14:58Z,45.87975,-109.78935,4638.1,-7.24,68.58,11
4.49E+15,2021-06-23T16:15:07Z,45.88001667,-109.7875333,4573.7,-6.97,64.98,10
4.49E+15,2021-06-23T16:15:17Z,45.88036667,-109.7855333,4504.3,-7.01,66.852,11
4.49E+15,2021-06-23T16:15:26Z,45.8807,-109.78375,4441.9,-6.81,65.232,11
4.49E+15,2021-06-23T16:15:35Z,45.88103333,-109.7819667,4378.3,-7.04,68.796,11
4.49E+15,2021-06-23T16:15:43Z,45.8813,-109.78045,4324.8,-6.5,46.152,11
4.49E+15,2021-06-23T16:15:53Z,45.88148333,-109.7785333,4258.1,-6.48,54.144,11
4.49E+15,2021-06-23T16:16:02Z,45.88158333,-109.7767833,4199,-6.48,44.604,11
4.49E+15,2021-06-23T16:16:10Z,45.8816,-109.7752333,4146.6,-6.23,54.324,10
4.49E+15,2021-06-23T16:16:18Z,45.88161667,-109.7737,4095.1,-6.34,63.612,11
4.49E+15,2021-06-23T16:16:27Z,45.88165,-109.7718167,4039.5,-6.18,56.808,11
4.49E+15,2021-06-23T16:16:36Z,45.88161667,-109.7699167,3982.3,-6.18,55.044,11
4.49E+15,2021-06-23T16:16:44Z,45.88156667,-109.7682,3934,-6.2,52.236,11
4.49E+15,2021-06-23T16:16:54Z,45.8815,-109.76615,3872.9,-6.24,46.62,10
4.49E+15,2021-06-23T16:17:05Z,45.88145,-109.7638833,3809.3,-5.6,62.532,11
4.49E+15,2021-06-23T16:17:13Z,45.8815,-109.7622333,3765,-5.32,46.764,11
4.49E+15,2021-06-23T16:17:21Z,45.8815,-109.76065,3721.6,-5.25,61.056,10
4.49E+15,2021-06-23T16:17:29Z,45.88153333,-109.7591833,3678.1,-5.08,58.212,10
4.49E+15,2021-06-23T16:17:39Z,45.88161667,-109.7574,3626.2,-5.18,57.996,11
4.49E+15,2021-06-23T16:17:44Z,45.88166667,-109.7566,3600.1,-5.06,55.152,10
4.49E+15,2021-06-23T16:17:54Z,45.88175,-109.7551333,3550,-5.25,50.94,10
4.49E+15,2021-06-23T16:18:04Z,45.88185,-109.7537167,3498.4,-5.02,51.192,11
4.49E+15,2021-06-23T16:18:13Z,45.88193333,-109.7524667,3454.7,-5.21,46.872,11
4.49E+15,2021-06-23T16:18:18Z,45.882,-109.7517167,3431.1,-4.61,49.356,10
4.49E+15,2021-06-23T16:18:26Z,45.8821,-109.7504833,3391.9,-4.64,32.256,11
4.49E+15,2021-06-23T16:18:36Z,45.88223333,-109.7489,3346.4,-4.32,36.288,11
4.49E+15,2021-06-23T16:18:45Z,45.88238333,-109.7474833,3306.4,-4.82,45.648,11
4.49E+15,2021-06-23T16:18:55Z,45.88253333,-109.74595,3260.6,-4.51,41.976,11
4.49E+15,2021-06-23T16:19:04Z,45.8827,-109.7446,3225.4,-3.28,52.848,11
4.49E+15,2021-06-23T16:19:13Z,45.88293333,-109.7434167,3187.8,-4.25,45.504,10
4.49E+15,2021-06-23T16:19:31Z,45.88328333,-109.7413,3109.4,-4.36,20.664,11
4.49E+15,2021-06-23T16:19:38Z,45.88335,-109.7405667,3078.7,-4.25,34.992,10
4.49E+15,2021-06-23T16:19:49Z,45.88346667,-109.7393167,3030.6,-4.45,41.58,11
4.49E+15,2021-06-23T16:19:57Z,45.88356667,-109.7383667,2995.3,-4.44,21.096,11
4.49E+15,2021-06-23T16:20:07Z,45.88363333,-109.7371833,2951.2,-4.37,23.256,11
4.49E+15,2021-06-23T16:20:21Z,45.88376667,-109.73545,2888.7,-4.28,40.32,11
4.49E+15,2021-06-23T16:20:32Z,45.88391667,-109.7341333,2842,-3.81,28.332,11
4.49E+15,2021-06-23T16:20:40Z,45.88395,-109.7332,2810.5,-4.18,39.96,11
4.49E+15,2021-06-23T16:20:51Z,45.88403333,-109.7318667,2764.4,-4.56,45.612,11
4.49E+15,2021-06-23T16:21:02Z,45.88418333,-109.7305667,2720.8,-4.17,39.204,11
4.49E+15,2021-06-23T16:21:26Z,45.88435,-109.7274167,2612.4,-4.49,50.4,11
4.49E+15,2021-06-23T16:21:36Z,45.88435,-109.7261333,2565.4,-4.89,45.216,11
4.49E+15,2021-06-23T16:21:47Z,45.88433333,-109.7247667,2511.8,-4.95,42.372,11
4.49E+15,2021-06-23T16:21:58Z,45.88433333,-109.7235833,2453.3,-5.79,29.376,11
4.49E+15,2021-06-23T16:22:08Z,45.88436667,-109.7226333,2401.3,-4.7,38.232,10
4.49E+15,2021-06-23T16:22:19Z,45.88455,-109.7216,2348.2,-4.04,30.384,11
4.49E+15,2021-06-23T16:22:34Z,45.8847,-109.7202833,2281,-5.16,30.168,11
4.49E+15,2021-06-23T16:22:46Z,45.8848,-109.7192833,2220.8,-4.71,25.74,11
4.49E+15,2021-06-23T16:22:57Z,45.88493333,-109.7182667,2163.2,-5.05,36.324,11
4.49E+15,2021-06-23T16:23:05Z,45.88508333,-109.71755,2120.8,-5.4,15.084,11
4.49E+15,2021-06-23T16:23:14Z,45.88516667,-109.7167167,2069.4,-4.49,23.76,11
4.49E+15,2021-06-23T16:23:22Z,45.88515,-109.7161167,2030.8,-5,28.656,11
4.49E+15,2021-06-23T16:23:31Z,45.88528333,-109.71555,1984.7,-4.92,19.8,9
4.49E+15,2021-06-23T16:23:40Z,45.88541667,-109.71495,1943.4,-4.67,17.064,11
4.49E+15,2021-06-23T16:23:49Z,45.88545,-109.7144333,1898.2,-5.66,25.632,11
4.49E+15,2021-06-23T16:23:57Z,45.88543333,-109.7140333,1857.6,-5.42,6.912,11
4.49E+15,2021-06-23T16:24:06Z,45.88538333,-109.71365,1802.2,-6.21,4.5,11
4.49E+15,2021-06-23T16:24:16Z,45.88541667,-109.7134833,1738.9,-5.67,8.1,11
4.49E+15,2021-06-23T16:24:24Z,45.88541667,-109.71355,1693.4,-5.57,10.512,11
4.49E+15,2021-06-23T16:24:29Z,45.88545,-109.7134833,1661.7,-6.79,10.008,11
4.49E+15,2021-06-23T16:24:42Z,45.88533333,-109.7131833,1601,-3.38,15.984,11
4.49E+15,2021-06-23T16:24:45Z,45.88533333,-109.7131667,1590.9,-2.94,11.808,11
4.49E+15,2021-06-23T16:24:56Z,45.88508333,-109.7126333,1548.3,-4.88,20.988,11
4.49E+15,2021-06-23T16:25:26Z,45.88426667,-109.71155,1399.8,-5.31,8.064,11
4.49E+15,2021-06-23T16:29:26Z,45.88418333,-109.71155,1393.2,-0.15,0.108,11
4.49E+15,2021-06-23T16:29:36Z,45.88418333,-109.71155,1393,0.06,0.288,11
4.49E+15,2021-06-23T16:29:44Z,45.88418333,-109.71155,1391.3,-0.15,0.324,10
4.49E+15,2021-06-23T16:29:53Z,45.88418333,-109.7115667,1389.6,-0.18,0.108,11
4.49E+15,2021-06-23T16:29:57Z,45.88418333,-109.7115667,1389.4,-0.06,0.324,11
4.49E+15,2021-06-23T16:30:10Z,45.88418333,-109.7115667,1389.2,0.03,0.324,10
4.49E+15,2021-06-23T16:30:20Z,45.88418333,-109.7115667,1388.3,-0.27,0.144,10
4.49E+15,2021-06-23T16:30:29Z,45.88418333,-109.7115667,1388.3,0.02,0.144,10
4.49E+15,2021-06-23T16:30:38Z,45.88418333,-109.7115667,1389,-0.07,0.612,10
4.49E+15,2021-06-23T16:38:07Z,45.88416667,-109.71155,1393.3,-0.03,0.216,10
4.49E+15,2021-06-23T16:38:19Z,45.88416667,-109.71155,1393.4,-0.05,0.324,10
4.49E+15,2021-06-23T16:38:28Z,45.88416667,-109.71155,1395.3,0.09,0.216,10
4.49E+15,2021-06-23T16:38:37Z,45.88416667,-109.71155,1395.6,-0.2,0.792,10
4.49E+15,2021-06-23T16:38:44Z,45.88416667,-109.71155,1394.8,-0.3,0.18,10
4.49E+15,2021-06-23T16:38:54Z,45.88416667,-109.7115667,1394,-0.08,0.216,10
4.49E+15,2021-06-23T16:39:03Z,45.88416667,-109.7115667,1393.8,-0.14,0.288,10
4.49E+15,2021-06-23T16:39:20Z,45.88416667,-109.7115667,1394.5,-0.18,0.18,10
4.49E+15,2021-06-23T16:39:28Z,45.88416667,-109.7115667,1395,-0.11,0.504,10
4.49E+15,2021-06-23T16:39:37Z,45.88418333,-109.7115833,1394.7,-0.03,0.324,9
4.49E+15,2021-06-23T16:39:46Z,45.88418333,-109.7116,1391.6,-0.27,0.396,10
4.49E+15,2021-06-23T16:42:58Z,45.88418333,-109.7115667,1389.5,-0.02,0.324,10
